dataset,model,subset_size,subset,n_questions,mean_hcds,t_statistic,p_value_two_sided,positive,significant_positive
GSM8K n=50,instruct,1,latency_per_output_token,50,1.7969,14.461,0.0,1,1
GSM8K n=50,instruct,1,token_entropy_mean,50,0.7353,4.364,6.582365987028993e-05,1,1
GSM8K n=50,instruct,1,token_entropy_slope,50,1.0618,5.271,3.036638792419666e-06,1,1
GSM8K n=50,instruct,1,paraphrase_consistency,45,0.9554,5.244,4.289824614422955e-06,1,1
GSM8K n=50,instruct,1,perturbation_delta_accuracy,50,0.2458,1.137,0.26097958097420815,1,0
GSM8K n=50,instruct,1,mechanistic_intervention_delta_accuracy,4,-0.0,-0.0,1.0,0,0
GSM8K n=50,instruct,2,"latency_per_output_token,token_entropy_mean",50,1.9747,11.801,6.661338147750939e-16,1,1
GSM8K n=50,instruct,2,"latency_per_output_token,token_entropy_slope",50,2.3279,12.718,0.0,1,1
GSM8K n=50,instruct,2,"latency_per_output_token,paraphrase_consistency",50,2.1358,13.318,0.0,1,1
GSM8K n=50,instruct,2,"latency_per_output_token,perturbation_delta_accuracy",50,1.902,9.77,4.338751580235112e-13,1,1
GSM8K n=50,instruct,2,"latency_per_output_token,mechanistic_intervention_delta_accuracy",50,1.2495,6.111,1.576751662568654e-07,1,1
GSM8K n=50,instruct,2,"token_entropy_mean,token_entropy_slope",50,1.4598,6.389,5.861657714767432e-08,1,1
GSM8K n=50,instruct,2,"token_entropy_mean,paraphrase_consistency",50,1.3046,6.952,7.863718343159576e-09,1,1
GSM8K n=50,instruct,2,"token_entropy_mean,perturbation_delta_accuracy",50,0.9265,3.871,0.00032127453813246554,1,1
GSM8K n=50,instruct,2,"token_entropy_mean,mechanistic_intervention_delta_accuracy",50,0.2611,1.298,0.20035119765414633,1,0
GSM8K n=50,instruct,2,"token_entropy_slope,paraphrase_consistency",50,1.5133,6.205,1.1313427439318957e-07,1,1
GSM8K n=50,instruct,2,"token_entropy_slope,perturbation_delta_accuracy",50,1.2114,4.374,6.370366733254862e-05,1,1
GSM8K n=50,instruct,2,"token_entropy_slope,mechanistic_intervention_delta_accuracy",50,0.505,1.986,0.05259683908875745,1,0
GSM8K n=50,instruct,2,"paraphrase_consistency,perturbation_delta_accuracy",50,1.0342,4.092,0.00015930345527803702,1,1
GSM8K n=50,instruct,2,"paraphrase_consistency,mechanistic_intervention_delta_accuracy",45,0.4299,1.639,0.10833923640059084,1,0
GSM8K n=50,instruct,2,"perturbation_delta_accuracy,mechanistic_intervention_delta_accuracy",50,-0.2993,-1.247,0.21829424643512052,0,0
GSM8K n=50,instruct,3,"latency_per_output_token,token_entropy_mean,token_entropy_slope",50,2.4196,11.066,6.217248937900877e-15,1,1
GSM8K n=50,instruct,3,"latency_per_output_token,token_entropy_mean,paraphrase_consistency",50,2.271,12.499,0.0,1,1
GSM8K n=50,instruct,3,"latency_per_output_token,token_entropy_mean,perturbation_delta_accuracy",50,2.078,9.647,6.545874953189923e-13,1,1
GSM8K n=50,instruct,3,"latency_per_output_token,token_entropy_mean,mechanistic_intervention_delta_accuracy",50,1.5027,7.305,2.234290308322784e-09,1,1
GSM8K n=50,instruct,3,"latency_per_output_token,token_entropy_slope,paraphrase_consistency",50,2.5688,11.906,4.440892098500626e-16,1,1
GSM8K n=50,instruct,3,"latency_per_output_token,token_entropy_slope,perturbation_delta_accuracy",50,2.4025,10.229,9.459100169806334e-14,1,1
GSM8K n=50,instruct,3,"latency_per_output_token,token_entropy_slope,mechanistic_intervention_delta_accuracy",50,1.7808,7.547,9.467009398633763e-10,1,1
GSM8K n=50,instruct,3,"latency_per_output_token,paraphrase_consistency,perturbation_delta_accuracy",50,2.2241,10.021,1.8762769116165146e-13,1,1
GSM8K n=50,instruct,3,"latency_per_output_token,paraphrase_consistency,mechanistic_intervention_delta_accuracy",50,1.6147,6.994,6.778667849260955e-09,1,1
GSM8K n=50,instruct,3,"latency_per_output_token,perturbation_delta_accuracy,mechanistic_intervention_delta_accuracy",50,1.368,6.031,2.0965769809144774e-07,1,1
GSM8K n=50,instruct,3,"token_entropy_mean,token_entropy_slope,paraphrase_consistency",50,1.8165,7.323,2.0957720003877967e-09,1,1
GSM8K n=50,instruct,3,"token_entropy_mean,token_entropy_slope,perturbation_delta_accuracy",50,1.5908,5.727,6.148086373336525e-07,1,1
GSM8K n=50,instruct,3,"token_entropy_mean,token_entropy_slope,mechanistic_intervention_delta_accuracy",50,0.9857,3.98,0.00022723121248202638,1,1
GSM8K n=50,instruct,3,"token_entropy_mean,paraphrase_consistency,perturbation_delta_accuracy",50,1.4553,5.832,4.239158220009642e-07,1,1
GSM8K n=50,instruct,3,"token_entropy_mean,paraphrase_consistency,mechanistic_intervention_delta_accuracy",50,0.8434,3.637,0.0006622391063844102,1,1
GSM8K n=50,instruct,3,"token_entropy_mean,perturbation_delta_accuracy,mechanistic_intervention_delta_accuracy",50,0.4522,1.881,0.06593793068793152,1,0
GSM8K n=50,instruct,3,"token_entropy_slope,paraphrase_consistency,perturbation_delta_accuracy",50,1.6161,5.377,2.098830487184955e-06,1,1
GSM8K n=50,instruct,3,"token_entropy_slope,paraphrase_consistency,mechanistic_intervention_delta_accuracy",50,0.9846,3.39,0.001387336729563593,1,1
GSM8K n=50,instruct,3,"token_entropy_slope,perturbation_delta_accuracy,mechanistic_intervention_delta_accuracy",50,0.6692,2.282,0.026846179934113312,1,1
GSM8K n=50,instruct,3,"paraphrase_consistency,perturbation_delta_accuracy,mechanistic_intervention_delta_accuracy",50,0.521,1.903,0.06291089543951833,1,0
GSM8K n=50,instruct,4,"latency_per_output_token,token_entropy_mean,token_entropy_slope,paraphrase_consistency",50,2.6496,11.283,3.1086244689504383e-15,1,1
GSM8K n=50,instruct,4,"latency_per_output_token,token_entropy_mean,token_entropy_slope,perturbation_delta_accuracy",50,2.4975,9.747,4.674038933671909e-13,1,1
GSM8K n=50,instruct,4,"latency_per_output_token,token_entropy_mean,token_entropy_slope,mechanistic_intervention_delta_accuracy",50,1.9477,8.053,1.5828982569132677e-10,1,1
GSM8K n=50,instruct,4,"latency_per_output_token,token_entropy_mean,paraphrase_consistency,perturbation_delta_accuracy",50,2.3521,10.139,1.270095140171179e-13,1,1
GSM8K n=50,instruct,4,"latency_per_output_token,token_entropy_mean,paraphrase_consistency,mechanistic_intervention_delta_accuracy",50,1.812,7.959,2.2070167915444472e-10,1,1
GSM8K n=50,instruct,4,"latency_per_output_token,token_entropy_mean,perturbation_delta_accuracy,mechanistic_intervention_delta_accuracy",50,1.6059,7.056,5.434652727842604e-09,1,1
GSM8K n=50,instruct,4,"latency_per_output_token,token_entropy_slope,paraphrase_consistency,perturbation_delta_accuracy",50,2.6301,9.948,2.395861287141088e-13,1,1
GSM8K n=50,instruct,4,"latency_per_output_token,token_entropy_slope,paraphrase_consistency,mechanistic_intervention_delta_accuracy",50,2.0483,7.698,5.5475091187418e-10,1,1
GSM8K n=50,instruct,4,"latency_per_output_token,token_entropy_slope,perturbation_delta_accuracy,mechanistic_intervention_delta_accuracy",50,1.8692,7.251,2.710215163403973e-09,1,1
GSM8K n=50,instruct,4,"latency_per_output_token,paraphrase_consistency,perturbation_delta_accuracy,mechanistic_intervention_delta_accuracy",50,1.7212,6.962,7.585548633670669e-09,1,1
GSM8K n=50,instruct,4,"token_entropy_mean,token_entropy_slope,paraphrase_consistency,perturbation_delta_accuracy",50,1.9111,6.458,4.593130009666879e-08,1,1
GSM8K n=50,instruct,4,"token_entropy_mean,token_entropy_slope,paraphrase_consistency,mechanistic_intervention_delta_accuracy",50,1.3555,4.903,1.0765365468845545e-05,1,1
GSM8K n=50,instruct,4,"token_entropy_mean,token_entropy_slope,perturbation_delta_accuracy,mechanistic_intervention_delta_accuracy",50,1.1166,4.006,0.00020918225371802102,1,1
GSM8K n=50,instruct,4,"token_entropy_mean,paraphrase_consistency,perturbation_delta_accuracy,mechanistic_intervention_delta_accuracy",50,1.0068,3.887,0.00030557318472634876,1,1
GSM8K n=50,instruct,4,"token_entropy_slope,paraphrase_consistency,perturbation_delta_accuracy,mechanistic_intervention_delta_accuracy",50,1.1057,3.493,0.0010226876948518093,1,1
GSM8K n=50,instruct,5,"latency_per_output_token,token_entropy_mean,token_entropy_slope,paraphrase_consistency,perturbation_delta_accuracy",50,2.707,9.818,3.6926017799032707e-13,1,1
GSM8K n=50,instruct,5,"latency_per_output_token,token_entropy_mean,token_entropy_slope,paraphrase_consistency,mechanistic_intervention_delta_accuracy",50,2.1908,8.238,8.281952901256773e-11,1,1
GSM8K n=50,instruct,5,"latency_per_output_token,token_entropy_mean,token_entropy_slope,perturbation_delta_accuracy,mechanistic_intervention_delta_accuracy",50,2.0255,7.703,5.459699359278147e-10,1,1
GSM8K n=50,instruct,5,"latency_per_output_token,token_entropy_mean,paraphrase_consistency,perturbation_delta_accuracy,mechanistic_intervention_delta_accuracy",50,1.9058,7.751,4.5959791528105143e-10,1,1
GSM8K n=50,instruct,5,"latency_per_output_token,token_entropy_slope,paraphrase_consistency,perturbation_delta_accuracy,mechanistic_intervention_delta_accuracy",50,2.1278,7.517,1.0528578009427747e-09,1,1
GSM8K n=50,instruct,5,"token_entropy_mean,token_entropy_slope,paraphrase_consistency,perturbation_delta_accuracy,mechanistic_intervention_delta_accuracy",50,1.4628,4.846,1.307577403575344e-05,1,1
GSM8K n=50,instruct,6,"latency_per_output_token,token_entropy_mean,token_entropy_slope,paraphrase_consistency,perturbation_delta_accuracy,mechanistic_intervention_delta_accuracy",50,2.2609,7.953,2.2537949284640035e-10,1,1
GSM8K n=50,thinking,1,latency_per_output_token,50,0.4061,3.807,0.00039199576402748626,1,1
GSM8K n=50,thinking,1,token_entropy_mean,50,0.2902,3.81,0.00038876633711715236,1,1
GSM8K n=50,thinking,1,token_entropy_slope,50,0.7292,4.585,3.155513257269149e-05,1,1
GSM8K n=50,thinking,1,paraphrase_consistency,45,-0.2234,-1.421,0.16224680770729494,0,0
GSM8K n=50,thinking,1,perturbation_delta_accuracy,50,0.0,0.0,0.9999999999999998,1,0
GSM8K n=50,thinking,1,mechanistic_intervention_delta_accuracy,50,-0.1277,-0.785,0.43641063038384575,0,0
GSM8K n=50,thinking,2,"latency_per_output_token,token_entropy_mean",50,0.5568,4.847,1.3039536304049193e-05,1,1
GSM8K n=50,thinking,2,"latency_per_output_token,token_entropy_slope",50,0.8791,6.099,1.6477262598790787e-07,1,1
GSM8K n=50,thinking,2,"latency_per_output_token,paraphrase_consistency",50,0.2184,1.504,0.13902980069588033,1,0
GSM8K n=50,thinking,2,"latency_per_output_token,perturbation_delta_accuracy",50,0.3546,1.906,0.06253361416917924,1,0
GSM8K n=50,thinking,2,"latency_per_output_token,mechanistic_intervention_delta_accuracy",50,0.2443,1.556,0.12623082081502823,1,0
GSM8K n=50,thinking,2,"token_entropy_mean,token_entropy_slope",50,0.8316,5.326,2.5080295291690646e-06,1,1
GSM8K n=50,thinking,2,"token_entropy_mean,paraphrase_consistency",50,-0.0196,-0.144,0.8860782454691085,0,0
GSM8K n=50,thinking,2,"token_entropy_mean,perturbation_delta_accuracy",50,0.2113,1.331,0.18942364766034014,1,0
GSM8K n=50,thinking,2,"token_entropy_mean,mechanistic_intervention_delta_accuracy",50,0.0116,0.072,0.9431533671671712,1,0
GSM8K n=50,thinking,2,"token_entropy_slope,paraphrase_consistency",50,0.3925,2.106,0.040389812787852364,1,1
GSM8K n=50,thinking,2,"token_entropy_slope,perturbation_delta_accuracy",50,0.6905,3.164,0.0026734028047481484,1,1
GSM8K n=50,thinking,2,"token_entropy_slope,mechanistic_intervention_delta_accuracy",50,0.3418,1.748,0.08674380023408257,1,0
GSM8K n=50,thinking,2,"paraphrase_consistency,perturbation_delta_accuracy",50,-0.1234,-0.609,0.5452027293351769,0,0
GSM8K n=50,thinking,2,"paraphrase_consistency,mechanistic_intervention_delta_accuracy",50,-0.2631,-1.588,0.11869567987733709,0,0
GSM8K n=50,thinking,2,"perturbation_delta_accuracy,mechanistic_intervention_delta_accuracy",50,-0.1711,-0.95,0.3467803027283247,0,0
GSM8K n=50,thinking,3,"latency_per_output_token,token_entropy_mean,token_entropy_slope",50,0.9752,6.701,1.931305271263284e-08,1,1
GSM8K n=50,thinking,3,"latency_per_output_token,token_entropy_mean,paraphrase_consistency",50,0.3144,2.201,0.032498012407812915,1,1
GSM8K n=50,thinking,3,"latency_per_output_token,token_entropy_mean,perturbation_delta_accuracy",50,0.4662,2.716,0.009109385160727124,1,1
GSM8K n=50,thinking,3,"latency_per_output_token,token_entropy_mean,mechanistic_intervention_delta_accuracy",50,0.3349,2.082,0.042554910308972405,1,1
GSM8K n=50,thinking,3,"latency_per_output_token,token_entropy_slope,paraphrase_consistency",50,0.6323,3.828,0.00036689621067220735,1,1
GSM8K n=50,thinking,3,"latency_per_output_token,token_entropy_slope,perturbation_delta_accuracy",50,0.8048,3.982,0.0002263235734050184,1,1
GSM8K n=50,thinking,3,"latency_per_output_token,token_entropy_slope,mechanistic_intervention_delta_accuracy",50,0.5922,3.353,0.001548063902425012,1,1
GSM8K n=50,thinking,3,"latency_per_output_token,paraphrase_consistency,perturbation_delta_accuracy",50,0.2234,1.136,0.26129522433492514,1,0
GSM8K n=50,thinking,3,"latency_per_output_token,paraphrase_consistency,mechanistic_intervention_delta_accuracy",50,0.1177,0.733,0.4667924569662627,1,0
GSM8K n=50,thinking,3,"latency_per_output_token,perturbation_delta_accuracy,mechanistic_intervention_delta_accuracy",50,0.1908,1.058,0.2951756008845945,1,0
GSM8K n=50,thinking,3,"token_entropy_mean,token_entropy_slope,paraphrase_consistency",50,0.4746,2.619,0.011701895952073604,1,1
GSM8K n=50,thinking,3,"token_entropy_mean,token_entropy_slope,perturbation_delta_accuracy",50,0.7505,3.658,0.0006208824222158071,1,1
GSM8K n=50,thinking,3,"token_entropy_mean,token_entropy_slope,mechanistic_intervention_delta_accuracy",50,0.4339,2.208,0.03197784718207686,1,1
GSM8K n=50,thinking,3,"token_entropy_mean,paraphrase_consistency,perturbation_delta_accuracy",50,0.0074,0.04,0.9684611907958558,1,0
GSM8K n=50,thinking,3,"token_entropy_mean,paraphrase_consistency,mechanistic_intervention_delta_accuracy",50,-0.1462,-0.882,0.38199858775363493,0,0
GSM8K n=50,thinking,3,"token_entropy_mean,perturbation_delta_accuracy,mechanistic_intervention_delta_accuracy",50,-0.0467,-0.265,0.791747407089169,0,0
GSM8K n=50,thinking,3,"token_entropy_slope,paraphrase_consistency,perturbation_delta_accuracy",50,0.4334,1.912,0.06167482493345067,1,0
GSM8K n=50,thinking,3,"token_entropy_slope,paraphrase_consistency,mechanistic_intervention_delta_accuracy",50,0.1663,0.832,0.40917845465045066,1,0
GSM8K n=50,thinking,3,"token_entropy_slope,perturbation_delta_accuracy,mechanistic_intervention_delta_accuracy",50,0.2997,1.403,0.16678037969185233,1,0
GSM8K n=50,thinking,3,"paraphrase_consistency,perturbation_delta_accuracy,mechanistic_intervention_delta_accuracy",50,-0.2753,-1.452,0.15286474994387822,0,0
GSM8K n=50,thinking,4,"latency_per_output_token,token_entropy_mean,token_entropy_slope,paraphrase_consistency",50,0.7054,4.289,8.402392945727755e-05,1,1
GSM8K n=50,thinking,4,"latency_per_output_token,token_entropy_mean,token_entropy_slope,perturbation_delta_accuracy",50,0.8777,4.545,3.614699271481392e-05,1,1
GSM8K n=50,thinking,4,"latency_per_output_token,token_entropy_mean,token_entropy_slope,mechanistic_intervention_delta_accuracy",50,0.67,3.73,0.000497358546469151,1,1
GSM8K n=50,thinking,4,"latency_per_output_token,token_entropy_mean,paraphrase_consistency,perturbation_delta_accuracy",50,0.3041,1.63,0.10943206252158233,1,0
GSM8K n=50,thinking,4,"latency_per_output_token,token_entropy_mean,paraphrase_consistency,mechanistic_intervention_delta_accuracy",50,0.1918,1.184,0.24215479444786747,1,0
GSM8K n=50,thinking,4,"latency_per_output_token,token_entropy_mean,perturbation_delta_accuracy,mechanistic_intervention_delta_accuracy",50,0.2719,1.534,0.1314126396810873,1,0
GSM8K n=50,thinking,4,"latency_per_output_token,token_entropy_slope,paraphrase_consistency,perturbation_delta_accuracy",50,0.6229,2.995,0.00429300904210983,1,1
GSM8K n=50,thinking,4,"latency_per_output_token,token_entropy_slope,paraphrase_consistency,mechanistic_intervention_delta_accuracy",50,0.4428,2.452,0.01781963628638983,1,1
GSM8K n=50,thinking,4,"latency_per_output_token,token_entropy_slope,perturbation_delta_accuracy,mechanistic_intervention_delta_accuracy",50,0.5416,2.734,0.00867398194397273,1,1
GSM8K n=50,thinking,4,"latency_per_output_token,paraphrase_consistency,perturbation_delta_accuracy,mechanistic_intervention_delta_accuracy",50,0.0935,0.503,0.6170216513042539,1,0
GSM8K n=50,thinking,4,"token_entropy_mean,token_entropy_slope,paraphrase_consistency,perturbation_delta_accuracy",50,0.4879,2.251,0.028908533075769238,1,1
GSM8K n=50,thinking,4,"token_entropy_mean,token_entropy_slope,paraphrase_consistency,mechanistic_intervention_delta_accuracy",50,0.246,1.233,0.22362225913577904,1,0
GSM8K n=50,thinking,4,"token_entropy_mean,token_entropy_slope,perturbation_delta_accuracy,mechanistic_intervention_delta_accuracy",50,0.3769,1.795,0.07880663477536709,1,0
GSM8K n=50,thinking,4,"token_entropy_mean,paraphrase_consistency,perturbation_delta_accuracy,mechanistic_intervention_delta_accuracy",50,-0.1627,-0.877,0.385017826674674,0,0
GSM8K n=50,thinking,4,"token_entropy_slope,paraphrase_consistency,perturbation_delta_accuracy,mechanistic_intervention_delta_accuracy",50,0.1607,0.731,0.4684162900027906,1,0
GSM8K n=50,thinking,5,"latency_per_output_token,token_entropy_mean,token_entropy_slope,paraphrase_consistency,perturbation_delta_accuracy",50,0.683,3.382,0.0014230930168765976,1,1
GSM8K n=50,thinking,5,"latency_per_output_token,token_entropy_mean,token_entropy_slope,paraphrase_consistency,mechanistic_intervention_delta_accuracy",50,0.508,2.788,0.007521401963059837,1,1
GSM8K n=50,thinking,5,"latency_per_output_token,token_entropy_mean,token_entropy_slope,perturbation_delta_accuracy,mechanistic_intervention_delta_accuracy",50,0.6077,3.106,0.003151492232972064,1,1
GSM8K n=50,thinking,5,"latency_per_output_token,token_entropy_mean,paraphrase_consistency,perturbation_delta_accuracy,mechanistic_intervention_delta_accuracy",50,0.165,0.903,0.37111933852343126,1,0
GSM8K n=50,thinking,5,"latency_per_output_token,token_entropy_slope,paraphrase_consistency,perturbation_delta_accuracy,mechanistic_intervention_delta_accuracy",50,0.4214,2.072,0.04358047340848126,1,1
GSM8K n=50,thinking,5,"token_entropy_mean,token_entropy_slope,paraphrase_consistency,perturbation_delta_accuracy,mechanistic_intervention_delta_accuracy",50,0.232,1.072,0.2891838849105344,1,0
GSM8K n=50,thinking,6,"latency_per_output_token,token_entropy_mean,token_entropy_slope,paraphrase_consistency,perturbation_delta_accuracy,mechanistic_intervention_delta_accuracy",50,0.481,2.393,0.020585754623441366,1,1
StrategyQA n=50,instruct,1,latency_per_output_token,50,1.7133,16.67,0.0,1,1
StrategyQA n=50,instruct,1,token_entropy_mean,50,1.6596,20.788,0.0,1,1
StrategyQA n=50,instruct,1,token_entropy_slope,50,0.4325,1.818,0.07522665933658779,1,0
StrategyQA n=50,instruct,2,"latency_per_output_token,token_entropy_mean",50,2.3812,24.072,0.0,1,1
StrategyQA n=50,instruct,2,"latency_per_output_token,token_entropy_slope",50,1.8752,8.244,8.108580473731308e-11,1,1
StrategyQA n=50,instruct,2,"latency_per_output_token,mechanistic_intervention_delta_accuracy",50,0.8956,4.314,7.749079988284002e-05,1,1
StrategyQA n=50,instruct,2,"token_entropy_mean,token_entropy_slope",50,1.8857,9.136,3.703259920939672e-12,1,1
StrategyQA n=50,instruct,2,"token_entropy_mean,mechanistic_intervention_delta_accuracy",50,0.9535,5.607,9.387826189755089e-07,1,1
StrategyQA n=50,instruct,2,"token_entropy_slope,mechanistic_intervention_delta_accuracy",50,-0.3651,-1.591,0.11795939088550389,0,0
StrategyQA n=50,instruct,3,"latency_per_output_token,token_entropy_mean,token_entropy_slope",50,2.5737,12.654,0.0,1,1
StrategyQA n=50,instruct,3,"latency_per_output_token,token_entropy_mean,mechanistic_intervention_delta_accuracy",50,1.6764,8.882,8.841372078904897e-12,1,1
StrategyQA n=50,instruct,3,"latency_per_output_token,token_entropy_slope,mechanistic_intervention_delta_accuracy",50,1.0828,4.691,2.2115677143164092e-05,1,1
StrategyQA n=50,instruct,3,"token_entropy_mean,token_entropy_slope,mechanistic_intervention_delta_accuracy",50,1.1868,6.087,1.7180370659453104e-07,1,1
StrategyQA n=50,instruct,4,"latency_per_output_token,token_entropy_mean,token_entropy_slope,mechanistic_intervention_delta_accuracy",50,1.8761,9.138,3.674172077694493e-12,1,1
StrategyQA n=50,thinking,1,latency_per_output_token,50,-0.0563,-2.38,0.021263283977790426,0,0
StrategyQA n=50,thinking,1,token_entropy_mean,49,0.2192,2.064,0.044437857580199136,1,1
StrategyQA n=50,thinking,1,token_entropy_slope,49,0.591,3.474,0.001098332963380022,1,1
StrategyQA n=50,thinking,1,mechanistic_intervention_delta_accuracy,49,0.1703,0.96,0.3417112669369382,1,0
StrategyQA n=50,thinking,2,"latency_per_output_token,token_entropy_mean",50,0.1873,1.854,0.06969163010739488,1,0
StrategyQA n=50,thinking,2,"latency_per_output_token,token_entropy_slope",50,0.5345,3.201,0.002405439984951574,1,1
StrategyQA n=50,thinking,2,"latency_per_output_token,mechanistic_intervention_delta_accuracy",50,0.1026,0.619,0.5390833760356943,1,0
StrategyQA n=50,thinking,2,"token_entropy_mean,token_entropy_slope",49,0.6481,3.77,0.0004468905856467309,1,1
StrategyQA n=50,thinking,2,"token_entropy_mean,mechanistic_intervention_delta_accuracy",49,0.3082,1.867,0.06797281140895639,1,0
StrategyQA n=50,thinking,2,"token_entropy_slope,mechanistic_intervention_delta_accuracy",49,0.5536,2.916,0.005379744874693948,1,1
StrategyQA n=50,thinking,3,"latency_per_output_token,token_entropy_mean,token_entropy_slope",50,0.6092,3.593,0.000757172457629629,1,1
StrategyQA n=50,thinking,3,"latency_per_output_token,token_entropy_mean,mechanistic_intervention_delta_accuracy",50,0.2731,1.719,0.09193736354525406,1,0
StrategyQA n=50,thinking,3,"latency_per_output_token,token_entropy_slope,mechanistic_intervention_delta_accuracy",50,0.5117,2.744,0.008455686495989934,1,1
StrategyQA n=50,thinking,3,"token_entropy_mean,token_entropy_slope,mechanistic_intervention_delta_accuracy",49,0.6346,3.373,0.0014774266342967302,1,1
StrategyQA n=50,thinking,4,"latency_per_output_token,token_entropy_mean,token_entropy_slope,mechanistic_intervention_delta_accuracy",50,0.599,3.241,0.002145737070578857,1,1
GSM8K n=500,instruct,1,latency_per_output_token,500,1.7767,45.433,0.0,1,1
GSM8K n=500,instruct,1,token_entropy_mean,50,0.7353,4.364,6.582365987028993e-05,1,1
GSM8K n=500,instruct,1,token_entropy_slope,50,1.0618,5.271,3.036638792419666e-06,1,1
GSM8K n=500,instruct,1,paraphrase_consistency,458,0.9773,16.593,0.0,1,1
GSM8K n=500,instruct,1,perturbation_delta_accuracy,500,0.4481,6.824,2.5748514431711556e-11,1,1
GSM8K n=500,instruct,1,mechanistic_intervention_delta_accuracy,4,-0.0,-0.0,1.0,0,0
GSM8K n=500,instruct,2,"latency_per_output_token,token_entropy_mean",500,1.7945,44.236,0.0,1,1
GSM8K n=500,instruct,2,"latency_per_output_token,token_entropy_slope",500,1.8258,43.166,0.0,1,1
GSM8K n=500,instruct,2,"latency_per_output_token,paraphrase_consistency",500,2.1761,46.203,0.0,1,1
GSM8K n=500,instruct,2,"latency_per_output_token,perturbation_delta_accuracy",500,2.0211,35.39,0.0,1,1
GSM8K n=500,instruct,2,"latency_per_output_token,mechanistic_intervention_delta_accuracy",500,1.7229,40.443,0.0,1,1
GSM8K n=500,instruct,2,"token_entropy_mean,token_entropy_slope",50,1.4598,6.389,5.861657714767432e-08,1,1
GSM8K n=500,instruct,2,"token_entropy_mean,paraphrase_consistency",464,1.0136,17.178,0.0,1,1
GSM8K n=500,instruct,2,"token_entropy_mean,perturbation_delta_accuracy",500,0.5065,7.649,1.0502709812953981e-13,1,1
GSM8K n=500,instruct,2,"token_entropy_mean,mechanistic_intervention_delta_accuracy",50,0.2611,1.298,0.20035119765414633,1,0
GSM8K n=500,instruct,2,"token_entropy_slope,paraphrase_consistency",464,1.0358,16.775,0.0,1,1
GSM8K n=500,instruct,2,"token_entropy_slope,perturbation_delta_accuracy",500,0.5417,7.864,2.3092638912203256e-14,1,1
GSM8K n=500,instruct,2,"token_entropy_slope,mechanistic_intervention_delta_accuracy",50,0.505,1.986,0.05259683908875745,1,0
GSM8K n=500,instruct,2,"paraphrase_consistency,perturbation_delta_accuracy",500,1.2129,15.433,0.0,1,1
GSM8K n=500,instruct,2,"paraphrase_consistency,mechanistic_intervention_delta_accuracy",458,0.9274,14.914,0.0,1,1
GSM8K n=500,instruct,2,"perturbation_delta_accuracy,mechanistic_intervention_delta_accuracy",500,0.397,5.931,5.6415137006382565e-09,1,1
GSM8K n=500,instruct,3,"latency_per_output_token,token_entropy_mean,token_entropy_slope",500,1.8356,41.736,0.0,1,1
GSM8K n=500,instruct,3,"latency_per_output_token,token_entropy_mean,paraphrase_consistency",500,2.1895,45.81,0.0,1,1
GSM8K n=500,instruct,3,"latency_per_output_token,token_entropy_mean,perturbation_delta_accuracy",500,2.0361,35.647,0.0,1,1
GSM8K n=500,instruct,3,"latency_per_output_token,token_entropy_mean,mechanistic_intervention_delta_accuracy",500,1.7476,41.487,0.0,1,1
GSM8K n=500,instruct,3,"latency_per_output_token,token_entropy_slope,paraphrase_consistency",500,2.2159,44.502,0.0,1,1
GSM8K n=500,instruct,3,"latency_per_output_token,token_entropy_slope,perturbation_delta_accuracy",500,2.0673,34.982,0.0,1,1
GSM8K n=500,instruct,3,"latency_per_output_token,token_entropy_slope,mechanistic_intervention_delta_accuracy",500,1.7719,40.283,0.0,1,1
GSM8K n=500,instruct,3,"latency_per_output_token,paraphrase_consistency,perturbation_delta_accuracy",500,2.3752,37.523,0.0,1,1
GSM8K n=500,instruct,3,"latency_per_output_token,paraphrase_consistency,mechanistic_intervention_delta_accuracy",500,2.1262,42.123,0.0,1,1
GSM8K n=500,instruct,3,"latency_per_output_token,perturbation_delta_accuracy,mechanistic_intervention_delta_accuracy",500,1.9718,33.495,0.0,1,1
GSM8K n=500,instruct,3,"token_entropy_mean,token_entropy_slope,paraphrase_consistency",464,1.0695,17.124,0.0,1,1
GSM8K n=500,instruct,3,"token_entropy_mean,token_entropy_slope,perturbation_delta_accuracy",500,0.5722,8.263,1.3322676295501878e-15,1,1
GSM8K n=500,instruct,3,"token_entropy_mean,token_entropy_slope,mechanistic_intervention_delta_accuracy",50,0.9857,3.98,0.00022723121248202638,1,1
GSM8K n=500,instruct,3,"token_entropy_mean,paraphrase_consistency,perturbation_delta_accuracy",500,1.2508,16.008,0.0,1,1
GSM8K n=500,instruct,3,"token_entropy_mean,paraphrase_consistency,mechanistic_intervention_delta_accuracy",464,0.9656,15.897,0.0,1,1
GSM8K n=500,instruct,3,"token_entropy_mean,perturbation_delta_accuracy,mechanistic_intervention_delta_accuracy",500,0.4626,6.973,9.882539231398368e-12,1,1
GSM8K n=500,instruct,3,"token_entropy_slope,paraphrase_consistency,perturbation_delta_accuracy",500,1.2698,15.745,0.0,1,1
GSM8K n=500,instruct,3,"token_entropy_slope,paraphrase_consistency,mechanistic_intervention_delta_accuracy",464,0.9806,15.437,0.0,1,1
GSM8K n=500,instruct,3,"token_entropy_slope,perturbation_delta_accuracy,mechanistic_intervention_delta_accuracy",500,0.4909,7.153,3.0382363291892034e-12,1,1
GSM8K n=500,instruct,3,"paraphrase_consistency,perturbation_delta_accuracy,mechanistic_intervention_delta_accuracy",500,1.1629,14.583,0.0,1,1
GSM8K n=500,instruct,4,"latency_per_output_token,token_entropy_mean,token_entropy_slope,paraphrase_consistency",500,2.2249,43.943,0.0,1,1
GSM8K n=500,instruct,4,"latency_per_output_token,token_entropy_mean,token_entropy_slope,perturbation_delta_accuracy",500,2.0749,34.932,0.0,1,1
GSM8K n=500,instruct,4,"latency_per_output_token,token_entropy_mean,token_entropy_slope,mechanistic_intervention_delta_accuracy",500,1.7887,40.445,0.0,1,1
GSM8K n=500,instruct,4,"latency_per_output_token,token_entropy_mean,paraphrase_consistency,perturbation_delta_accuracy",500,2.3856,37.701,0.0,1,1
GSM8K n=500,instruct,4,"latency_per_output_token,token_entropy_mean,paraphrase_consistency,mechanistic_intervention_delta_accuracy",500,2.1454,42.971,0.0,1,1
GSM8K n=500,instruct,4,"latency_per_output_token,token_entropy_mean,perturbation_delta_accuracy,mechanistic_intervention_delta_accuracy",500,1.9927,34.259,0.0,1,1
GSM8K n=500,instruct,4,"latency_per_output_token,token_entropy_slope,paraphrase_consistency,perturbation_delta_accuracy",500,2.4125,36.974,0.0,1,1
GSM8K n=500,instruct,4,"latency_per_output_token,token_entropy_slope,paraphrase_consistency,mechanistic_intervention_delta_accuracy",500,2.1661,41.718,0.0,1,1
GSM8K n=500,instruct,4,"latency_per_output_token,token_entropy_slope,perturbation_delta_accuracy,mechanistic_intervention_delta_accuracy",500,2.0181,33.738,0.0,1,1
GSM8K n=500,instruct,4,"latency_per_output_token,paraphrase_consistency,perturbation_delta_accuracy,mechanistic_intervention_delta_accuracy",500,2.327,35.868,0.0,1,1
GSM8K n=500,instruct,4,"token_entropy_mean,token_entropy_slope,paraphrase_consistency,perturbation_delta_accuracy",500,1.2963,16.138,0.0,1,1
GSM8K n=500,instruct,4,"token_entropy_mean,token_entropy_slope,paraphrase_consistency,mechanistic_intervention_delta_accuracy",464,1.0215,16.22,0.0,1,1
GSM8K n=500,instruct,4,"token_entropy_mean,token_entropy_slope,perturbation_delta_accuracy,mechanistic_intervention_delta_accuracy",500,0.5284,7.711,6.838973831690964e-14,1,1
GSM8K n=500,instruct,4,"token_entropy_mean,paraphrase_consistency,perturbation_delta_accuracy,mechanistic_intervention_delta_accuracy",500,1.2078,15.364,0.0,1,1
GSM8K n=500,instruct,4,"token_entropy_slope,paraphrase_consistency,perturbation_delta_accuracy,mechanistic_intervention_delta_accuracy",500,1.2202,15.063,0.0,1,1
GSM8K n=500,instruct,5,"latency_per_output_token,token_entropy_mean,token_entropy_slope,paraphrase_consistency,perturbation_delta_accuracy",500,2.4188,36.997,0.0,1,1
GSM8K n=500,instruct,5,"latency_per_output_token,token_entropy_mean,token_entropy_slope,paraphrase_consistency,mechanistic_intervention_delta_accuracy",500,2.1808,42.136,0.0,1,1
GSM8K n=500,instruct,5,"latency_per_output_token,token_entropy_mean,token_entropy_slope,perturbation_delta_accuracy,mechanistic_intervention_delta_accuracy",500,2.0315,34.059,0.0,1,1
GSM8K n=500,instruct,5,"latency_per_output_token,token_entropy_mean,paraphrase_consistency,perturbation_delta_accuracy,mechanistic_intervention_delta_accuracy",500,2.3431,36.442,0.0,1,1
GSM8K n=500,instruct,5,"latency_per_output_token,token_entropy_slope,paraphrase_consistency,perturbation_delta_accuracy,mechanistic_intervention_delta_accuracy",500,2.3644,35.785,0.0,1,1
GSM8K n=500,instruct,5,"token_entropy_mean,token_entropy_slope,paraphrase_consistency,perturbation_delta_accuracy,mechanistic_intervention_delta_accuracy",500,1.2533,15.624,0.0,1,1
GSM8K n=500,instruct,6,"latency_per_output_token,token_entropy_mean,token_entropy_slope,paraphrase_consistency,perturbation_delta_accuracy,mechanistic_intervention_delta_accuracy",500,2.3763,36.128,0.0,1,1
GSM8K n=500,thinking,1,latency_per_output_token,500,0.3757,9.3,0.0,1,1
GSM8K n=500,thinking,1,token_entropy_mean,50,0.2902,3.81,0.00038876633711715236,1,1
GSM8K n=500,thinking,1,token_entropy_slope,50,0.7292,4.585,3.155513257269149e-05,1,1
GSM8K n=500,thinking,1,paraphrase_consistency,458,0.1697,3.444,0.0006252604675109907,1,1
GSM8K n=500,thinking,1,perturbation_delta_accuracy,500,-0.1618,-2.884,0.004095979611121736,0,0
GSM8K n=500,thinking,1,mechanistic_intervention_delta_accuracy,50,-0.1277,-0.785,0.43641063038384575,0,0
GSM8K n=500,thinking,2,"latency_per_output_token,token_entropy_mean",500,0.3918,9.663,0.0,1,1
GSM8K n=500,thinking,2,"latency_per_output_token,token_entropy_slope",500,0.4195,9.963,0.0,1,1
GSM8K n=500,thinking,2,"latency_per_output_token,paraphrase_consistency",500,0.4746,9.537,0.0,1,1
GSM8K n=500,thinking,2,"latency_per_output_token,perturbation_delta_accuracy",500,0.2219,3.742,0.0002035830173117148,1,1
GSM8K n=500,thinking,2,"latency_per_output_token,mechanistic_intervention_delta_accuracy",500,0.3585,8.526,2.220446049250313e-16,1,1
GSM8K n=500,thinking,2,"token_entropy_mean,token_entropy_slope",50,0.8316,5.326,2.5080295291690646e-06,1,1
GSM8K n=500,thinking,2,"token_entropy_mean,paraphrase_consistency",464,0.1856,3.833,0.00014426805343514815,1,1
GSM8K n=500,thinking,2,"token_entropy_mean,perturbation_delta_accuracy",500,-0.1444,-2.58,0.010175381465795219,0,0
GSM8K n=500,thinking,2,"token_entropy_mean,mechanistic_intervention_delta_accuracy",50,0.0116,0.072,0.9431533671671712,1,0
GSM8K n=500,thinking,2,"token_entropy_slope,paraphrase_consistency",464,0.2295,4.535,7.331203972560374e-06,1,1
GSM8K n=500,thinking,2,"token_entropy_slope,perturbation_delta_accuracy",500,-0.1019,-1.766,0.07807783433980475,0,0
GSM8K n=500,thinking,2,"token_entropy_slope,mechanistic_intervention_delta_accuracy",50,0.3418,1.748,0.08674380023408257,1,0
GSM8K n=500,thinking,2,"paraphrase_consistency,perturbation_delta_accuracy",500,-0.0322,-0.518,0.6046554129071211,0,0
GSM8K n=500,thinking,2,"paraphrase_consistency,mechanistic_intervention_delta_accuracy",464,0.1489,2.973,0.003100290315774634,1,1
GSM8K n=500,thinking,2,"perturbation_delta_accuracy,mechanistic_intervention_delta_accuracy",500,-0.1763,-3.145,0.0017619653744938013,0,0
GSM8K n=500,thinking,3,"latency_per_output_token,token_entropy_mean,token_entropy_slope",500,0.4295,10.155,0.0,1,1
GSM8K n=500,thinking,3,"latency_per_output_token,token_entropy_mean,paraphrase_consistency",500,0.4852,9.771,0.0,1,1
GSM8K n=500,thinking,3,"latency_per_output_token,token_entropy_mean,perturbation_delta_accuracy",500,0.2309,3.892,0.00011276007069027649,1,1
GSM8K n=500,thinking,3,"latency_per_output_token,token_entropy_mean,mechanistic_intervention_delta_accuracy",500,0.3678,8.724,0.0,1,1
GSM8K n=500,thinking,3,"latency_per_output_token,token_entropy_slope,paraphrase_consistency",500,0.512,10.102,0.0,1,1
GSM8K n=500,thinking,3,"latency_per_output_token,token_entropy_slope,perturbation_delta_accuracy",500,0.259,4.309,1.9779198723535174e-05,1,1
GSM8K n=500,thinking,3,"latency_per_output_token,token_entropy_slope,mechanistic_intervention_delta_accuracy",500,0.3904,9.11,0.0,1,1
GSM8K n=500,thinking,3,"latency_per_output_token,paraphrase_consistency,perturbation_delta_accuracy",500,0.3129,5.03,6.869540469800484e-07,1,1
GSM8K n=500,thinking,3,"latency_per_output_token,paraphrase_consistency,mechanistic_intervention_delta_accuracy",500,0.4553,8.97,0.0,1,1
GSM8K n=500,thinking,3,"latency_per_output_token,perturbation_delta_accuracy,mechanistic_intervention_delta_accuracy",500,0.2061,3.463,0.0005809963748992786,1,1
GSM8K n=500,thinking,3,"token_entropy_mean,token_entropy_slope,paraphrase_consistency",464,0.2369,4.703,3.3950468785182153e-06,1,1
GSM8K n=500,thinking,3,"token_entropy_mean,token_entropy_slope,perturbation_delta_accuracy",500,-0.0967,-1.675,0.09447361870185045,0,0
GSM8K n=500,thinking,3,"token_entropy_mean,token_entropy_slope,mechanistic_intervention_delta_accuracy",50,0.4339,2.208,0.03197784718207686,1,1
GSM8K n=500,thinking,3,"token_entropy_mean,paraphrase_consistency,perturbation_delta_accuracy",500,-0.0198,-0.321,0.7485702489853754,0,0
GSM8K n=500,thinking,3,"token_entropy_mean,paraphrase_consistency,mechanistic_intervention_delta_accuracy",464,0.1613,3.235,0.0013027852219025249,1,1
GSM8K n=500,thinking,3,"token_entropy_mean,perturbation_delta_accuracy,mechanistic_intervention_delta_accuracy",500,-0.1668,-2.979,0.003036487068700966,0,0
GSM8K n=500,thinking,3,"token_entropy_slope,paraphrase_consistency,perturbation_delta_accuracy",500,0.0184,0.293,0.7693177191153844,1,0
GSM8K n=500,thinking,3,"token_entropy_slope,paraphrase_consistency,mechanistic_intervention_delta_accuracy",464,0.1942,3.812,0.00015626857263728589,1,1
GSM8K n=500,thinking,3,"token_entropy_slope,perturbation_delta_accuracy,mechanistic_intervention_delta_accuracy",500,-0.1334,-2.335,0.019918247039537373,0,0
GSM8K n=500,thinking,3,"paraphrase_consistency,perturbation_delta_accuracy,mechanistic_intervention_delta_accuracy",500,-0.048,-0.78,0.43598642946194155,0,0
GSM8K n=500,thinking,4,"latency_per_output_token,token_entropy_mean,token_entropy_slope,paraphrase_consistency",500,0.5192,10.256,0.0,1,1
GSM8K n=500,thinking,4,"latency_per_output_token,token_entropy_mean,token_entropy_slope,perturbation_delta_accuracy",500,0.2649,4.4,1.3240574108897007e-05,1,1
GSM8K n=500,thinking,4,"latency_per_output_token,token_entropy_mean,token_entropy_slope,mechanistic_intervention_delta_accuracy",500,0.3983,9.25,0.0,1,1
GSM8K n=500,thinking,4,"latency_per_output_token,token_entropy_mean,paraphrase_consistency,perturbation_delta_accuracy",500,0.321,5.167,3.440925373521253e-07,1,1
GSM8K n=500,thinking,4,"latency_per_output_token,token_entropy_mean,paraphrase_consistency,mechanistic_intervention_delta_accuracy",500,0.4634,9.134,0.0,1,1
GSM8K n=500,thinking,4,"latency_per_output_token,token_entropy_mean,perturbation_delta_accuracy,mechanistic_intervention_delta_accuracy",500,0.2122,3.565,0.0003987203049671262,1,1
GSM8K n=500,thinking,4,"latency_per_output_token,token_entropy_slope,paraphrase_consistency,perturbation_delta_accuracy",500,0.3468,5.543,4.825213872905465e-08,1,1
GSM8K n=500,thinking,4,"latency_per_output_token,token_entropy_slope,paraphrase_consistency,mechanistic_intervention_delta_accuracy",500,0.485,9.484,0.0,1,1
GSM8K n=500,thinking,4,"latency_per_output_token,token_entropy_slope,perturbation_delta_accuracy,mechanistic_intervention_delta_accuracy",500,0.2357,3.927,9.826652981037576e-05,1,1
GSM8K n=500,thinking,4,"latency_per_output_token,paraphrase_consistency,perturbation_delta_accuracy,mechanistic_intervention_delta_accuracy",500,0.2979,4.793,2.1716215650169346e-06,1,1
GSM8K n=500,thinking,4,"token_entropy_mean,token_entropy_slope,paraphrase_consistency,perturbation_delta_accuracy",500,0.0236,0.378,0.7052617229090687,1,0
GSM8K n=500,thinking,4,"token_entropy_mean,token_entropy_slope,paraphrase_consistency,mechanistic_intervention_delta_accuracy",464,0.203,3.986,7.815817150436111e-05,1,1
GSM8K n=500,thinking,4,"token_entropy_mean,token_entropy_slope,perturbation_delta_accuracy,mechanistic_intervention_delta_accuracy",500,-0.1274,-2.227,0.026395724045091384,0,0
GSM8K n=500,thinking,4,"token_entropy_mean,paraphrase_consistency,perturbation_delta_accuracy,mechanistic_intervention_delta_accuracy",500,-0.0397,-0.647,0.5177603953914103,0,0
GSM8K n=500,thinking,4,"token_entropy_slope,paraphrase_consistency,perturbation_delta_accuracy,mechanistic_intervention_delta_accuracy",500,-0.0089,-0.144,0.8856308787187692,0,0
GSM8K n=500,thinking,5,"latency_per_output_token,token_entropy_mean,token_entropy_slope,paraphrase_consistency,perturbation_delta_accuracy",500,0.3526,5.635,2.9286179037413262e-08,1,1
GSM8K n=500,thinking,5,"latency_per_output_token,token_entropy_mean,token_entropy_slope,paraphrase_consistency,mechanistic_intervention_delta_accuracy",500,0.4922,9.612,0.0,1,1
GSM8K n=500,thinking,5,"latency_per_output_token,token_entropy_mean,token_entropy_slope,perturbation_delta_accuracy,mechanistic_intervention_delta_accuracy",500,0.2409,4.006,7.105918159822089e-05,1,1
GSM8K n=500,thinking,5,"latency_per_output_token,token_entropy_mean,paraphrase_consistency,perturbation_delta_accuracy,mechanistic_intervention_delta_accuracy",500,0.3032,4.882,1.4181773277943677e-06,1,1
GSM8K n=500,thinking,5,"latency_per_output_token,token_entropy_slope,paraphrase_consistency,perturbation_delta_accuracy,mechanistic_intervention_delta_accuracy",500,0.3254,5.215,2.703280153060206e-07,1,1
GSM8K n=500,thinking,5,"token_entropy_mean,token_entropy_slope,paraphrase_consistency,perturbation_delta_accuracy,mechanistic_intervention_delta_accuracy",500,-0.0033,-0.053,0.9576631419650741,0,0
GSM8K n=500,thinking,6,"latency_per_output_token,token_entropy_mean,token_entropy_slope,paraphrase_consistency,perturbation_delta_accuracy,mechanistic_intervention_delta_accuracy",500,0.3302,5.289,1.8455253125715387e-07,1,1
